key,flowcell,lane,barcode,agr_sample_name,sample_name,population
SQ0591,CBG3AANXX,3,CCACGTA,R2-H,R2,R
SQ0591,CBG3AANXX,3,TTGTCAC,R56-H,R56,R
SQ0591,CBG3AANXX,3,GGTGCAC,R1-H*,Rpoa1,Rpoa
SQ0591,CBG3AANXX,3,AACCGAT,R57-H*,Rpoa57,Rpoa
SQ0591,CBG3AANXX,3,AGTTCTT,L97,L97,L
SQ0591,CBG3AANXX,3,GCCTTAT,R3-H,R3,R
SQ0591,CBG3AANXX,3,ATCGGTT,R69-H,R69,R
SQ0591,CBG3AANXX,3,TAGTGCC,R3-H*,Rpoa3,Rpoa
SQ0591,CBG3AANXX,3,GGAACTA,R58-H*,Rpoa58,Rpoa
SQ0591,CBG3AANXX,3,CCTAGTT,L99,L99,L
SQ0591,CBG3AANXX,3,CTACGCT,R6-H,R6,R
SQ0591,CBG3AANXX,3,TGATTCT,R80-H,R80,R
SQ0591,CBG3AANXX,3,TCGCACT,R5-H*,Rpoa5,Rpoa
SQ0591,CBG3AANXX,3,CGCATTA,R66-H*,Rpoa66,Rpoa
SQ0591,CBG3AANXX,3,GATCCGT,L100,L100,L
SQ0591,CBG3AANXX,3,GATGCGGT,R7-H,R7,R
SQ0591,CBG3AANXX,3,CCACTCGA,R84-H,R84,R
SQ0591,CBG3AANXX,3,TGTGCGGA,R7-H*,Rpoa7,Rpoa
SQ0591,CBG3AANXX,3,CCAAGTGA,L13-H,L13,L
SQ0591,CBG3AANXX,3,AAGCATGA,I1,I1,I
SQ0591,CBG3AANXX,3,CACCGACT,GBSNEG1,CBG3AANXX3GBSNEG1,GBSNEG
SQ0591,CBG3AANXX,3,TTGGACTT,R85-H,R85,R
SQ0591,CBG3AANXX,3,GCTTAGGA,R9-H*,Rpoa9,Rpoa
SQ0591,CBG3AANXX,3,GGTCGAGA,L65-H,L65,L
SQ0591,CBG3AANXX,3,TAAGACAA,I10,I10,I
SQ0591,CBG3AANXX,3,GTCTTCGA,R16-H,R16,R
SQ0591,CBG3AANXX,3,TGTCAGCT,R100-H,R100,R
SQ0591,CBG3AANXX,3,CCTATCGT,R16-H*,Rpoa16,Rpoa
SQ0591,CBG3AANXX,3,ATGGAGCA,L89,L89,L
SQ0591,CBG3AANXX,3,CCTACCAGT,I19,I19,I
SQ0591,CBG3AANXX,3,GGAATACGT,R26-H,R26,R
SQ0591,CBG3AANXX,3,ACCTACAGA,R86-H*,Rpoa86,Rpoa
SQ0591,CBG3AANXX,3,GCCACCTGA,GBSNEG2,CBG3AANXX3GBSNEG2,GBSNEG
SQ0591,CBG3AANXX,3,TTCTCCAGT,L91,L91,L
SQ0591,CBG3AANXX,3,AGAGACAGT,I23,I23,I
SQ0591,CBG3AANXX,3,GAACCACGT,R33-H,R33,R
SQ0591,CBG3AANXX,3,ACCAACGTA,R89-H*,Rpoa89,Rpoa
SQ0591,CBG3AANXX,3,CTTGTGAAT,R56-H*,Rpoa56,Rpoa
SQ0591,CBG3AANXX,3,CTGTGGTGA,L95,L95,L
SQ0592,CBG3AANXX,4,CCACGTA,R1-H,R1,R
SQ0592,CBG3AANXX,4,TTGTCAC,R18-H,R18,R
SQ0592,CBG3AANXX,4,GGTGCAC,R29-H,R29,R
SQ0592,CBG3AANXX,4,AACCGAT,R49-H,R49,R
SQ0592,CBG3AANXX,4,AGTTCTT,R87-H,R87,R
SQ0592,CBG3AANXX,4,GAGGTCC,R96-H*,Rpoa96,Rpoa
SQ0592,CBG3AANXX,4,GAACCTC,R28-H*,Rpoa28,Rpoa
SQ0592,CBG3AANXX,4,ACCAGCT,R64-H*,Rpoa64,Rpoa
SQ0592,CBG3AANXX,4,TTGAGTC,L20-H,L20,L
SQ0592,CBG3AANXX,4,GACACAT,I5,I5,I
SQ0592,CBG3AANXX,4,GCCTTAT,R4-H,R4,R
SQ0592,CBG3AANXX,4,ATCGGTT,R19-H,R19,R
SQ0592,CBG3AANXX,4,TAGTGCC,R31-H,R31,R
SQ0592,CBG3AANXX,4,GGAACTA,R53-H,R53,R
SQ0592,CBG3AANXX,4,CCTAGTT,R88-H,R88,R
SQ0592,CBG3AANXX,4,GTGCAGT,R2-H*,Rpoa2,Rpoa
SQ0592,CBG3AANXX,4,AGACTAC,R34-H*,Rpoa34,Rpoa
SQ0592,CBG3AANXX,4,CACTGCA,R67-H*,Rpoa67,Rpoa
SQ0592,CBG3AANXX,4,AAGGCTC,L51-H,L51,L
SQ0592,CBG3AANXX,4,CCGACTA,I6,I6,I
SQ0592,CBG3AANXX,4,CTACGCT,R5-H,R5,R
SQ0592,CBG3AANXX,4,TGATTCT,R21-H,R21,R
SQ0592,CBG3AANXX,4,TCGCACT,R32-H,R32,R
SQ0592,CBG3AANXX,4,CGCATTA,R57-H,R57,R
SQ0592,CBG3AANXX,4,GATCCGT,R89-H,R89,R
SQ0592,CBG3AANXX,4,TGCGGAA,R8-H*,Rpoa8,Rpoa
SQ0592,CBG3AANXX,4,ACGCGTC,R44-H*,Rpoa44,Rpoa
SQ0592,CBG3AANXX,4,CTGCCAA,R69-H*,Rpoa69,Rpoa
SQ0592,CBG3AANXX,4,CTTGTAGA,L57-H,L57,L
SQ0592,CBG3AANXX,4,GACCTTGT,I11,I11,I
SQ0592,CBG3AANXX,4,GATGCGGT,R8-H,R8,R
SQ0592,CBG3AANXX,4,CCACTCGA,R23-H,R23,R
SQ0592,CBG3AANXX,4,TGTGCGGA,R34-H,R34,R
SQ0592,CBG3AANXX,4,CCAAGTGA,R72-H,R72,R
SQ0592,CBG3AANXX,4,AAGCATGA,R97-H,R97,R
SQ0592,CBG3AANXX,4,AGTCTGGA,R18-H*,Rpoa18,Rpoa
SQ0592,CBG3AANXX,4,GAAGAACT,R47-H*,Rpoa47,Rpoa
SQ0592,CBG3AANXX,4,TTCGTCTA,R72-H*,Rpoa72,Rpoa
SQ0592,CBG3AANXX,4,AACGAATA,L61-H,L61,L
SQ0592,CBG3AANXX,4,CGTAGTGT,I13,I13,I
SQ0592,CBG3AANXX,4,CACCGACT,R9-H,R9,R
SQ0592,CBG3AANXX,4,TTGGACTT,GBSNEG1,CBG3AANXX4GBSNEG1,GBSNEG
SQ0592,CBG3AANXX,4,GCTTAGGA,R39-H,R39,R
SQ0592,CBG3AANXX,4,GGTCGAGA,R73-H,R73,R
SQ0592,CBG3AANXX,4,TAAGACAA,R84-H*,Rpoa84,Rpoa
SQ0592,CBG3AANXX,4,CTGTGTTA,R21-H*,Rpoa21,Rpoa
SQ0592,CBG3AANXX,4,GCCATATA,R48-H*,Rpoa48,Rpoa
SQ0592,CBG3AANXX,4,TTGTCGCA,R73-H*,Rpoa73,Rpoa
SQ0592,CBG3AANXX,4,AGACAAGT,L78-H,L78,L
SQ0592,CBG3AANXX,4,TTCACTGT,I15,I15,I
SQ0592,CBG3AANXX,4,GTCTTCGA,R11-H,R11,R
SQ0592,CBG3AANXX,4,TGTCAGCT,R24-H,R24,R
SQ0592,CBG3AANXX,4,CCTATCGT,R43-H,R43,R
SQ0592,CBG3AANXX,4,ATGGAGCA,R79-H,R79,R
SQ0592,CBG3AANXX,4,CCTACCAGT,R85-H*,Rpoa85,Rpoa
SQ0592,CBG3AANXX,4,TTCTTGTGA,R22-H*,Rpoa22,Rpoa
SQ0592,CBG3AANXX,4,GAGAACAGT,R50-H*,Rpoa50,Rpoa
SQ0592,CBG3AANXX,4,AGTGTCGGT,R74-H*,Rpoa74,Rpoa
SQ0592,CBG3AANXX,4,CACCATTGA,L81-H,L81,L
SQ0592,CBG3AANXX,4,TTGTCATGT,I36,I36,I
SQ0592,CBG3AANXX,4,GGAATACGT,R13-H,R13,R
SQ0592,CBG3AANXX,4,ACCTACAGA,R27-H,R27,R
SQ0592,CBG3AANXX,4,GCCACCTGA,GBSNEG2,CBG3AANXX4GBSNEG2,GBSNEG
SQ0592,CBG3AANXX,4,TTCTCCAGT,R81-H,R81,R
SQ0592,CBG3AANXX,4,AGAGACAGT,R93-H*,Rpoa93,Rpoa
SQ0592,CBG3AANXX,4,TCTCTGTGA,R23-H*,Rpoa23,Rpoa
SQ0592,CBG3AANXX,4,GGTGCGGAT,R54-H*,Rpoa54,Rpoa
SQ0592,CBG3AANXX,4,AACAGAATA,L9-H,L9,L
SQ0592,CBG3AANXX,4,CCACACTGT,L90,L90,L
SQ0592,CBG3AANXX,4,TGTTGTCTA,I51,I51,I
SQ0592,CBG3AANXX,4,GAACCACGT,R17-H,R17,R
SQ0592,CBG3AANXX,4,ACCAACGTA,R28-H,R28,R
SQ0592,CBG3AANXX,4,CTTGTGAAT,R48-H,R48,R
SQ0592,CBG3AANXX,4,CTGTGGTGA,R86-H,R86,R
SQ0592,CBG3AANXX,4,GGAACAGTT,R95-H*,Rpoa95,Rpoa
SQ0592,CBG3AANXX,4,TTGGACATA,R24-H*,Rpoa24,Rpoa
SQ0592,CBG3AANXX,4,ACGTTGGTT,R55-H*,Rpoa55,Rpoa
SQ0592,CBG3AANXX,4,TGAACTGGT,L14-H,L14,L
SQ0592,CBG3AANXX,4,CCTCCTAGA,L94,L94,L
SQ0592,CBG3AANXX,4,AGGCGGTAT,I54,I54,I
SQ0593,CBG3AANXX,5,CCACGTA,R12-H,R12,R
SQ0593,CBG3AANXX,5,TTGTCAC,R40-H,R40,R
SQ0593,CBG3AANXX,5,GGTGCAC,R54-H,R54,R
SQ0593,CBG3AANXX,5,AACCGAT,R90-H*,Rpoa90,Rpoa
SQ0593,CBG3AANXX,5,AGTTCTT,R13-H*,Rpoa13,Rpoa
SQ0593,CBG3AANXX,5,GAGGTCC,R37-H*,Rpoa37,Rpoa
SQ0593,CBG3AANXX,5,GAACCTC,R53-H*,Rpoa53,Rpoa
SQ0593,CBG3AANXX,5,ACCAGCT,L6-H,L6,L
SQ0593,CBG3AANXX,5,TTGAGTC,L48-H,L48,L
SQ0593,CBG3AANXX,5,GACACAT,I8,I8,I
SQ0593,CBG3AANXX,5,TGTCATT,I61,I61,I
SQ0593,CBG3AANXX,5,GCCTTAT,R14-H,R14,R
SQ0593,CBG3AANXX,5,ATCGGTT,R41-H,R41,R
SQ0593,CBG3AANXX,5,TAGTGCC,R70-H,R70,R
SQ0593,CBG3AANXX,5,GGAACTA,R92-H*,Rpoa92,Rpoa
SQ0593,CBG3AANXX,5,CCTAGTT,R15-H*,Rpoa15,Rpoa
SQ0593,CBG3AANXX,5,GTGCAGT,R38-H*,Rpoa38,Rpoa
SQ0593,CBG3AANXX,5,AGACTAC,R59-H*,Rpoa59,Rpoa
SQ0593,CBG3AANXX,5,CACTGCA,L10-H,L10,L
SQ0593,CBG3AANXX,5,AAGGCTC,L59-H,L59,L
SQ0593,CBG3AANXX,5,CCGACTA,I9,I9,I
SQ0593,CBG3AANXX,5,CTACGCT,R20-H,R20,R
SQ0593,CBG3AANXX,5,TGATTCT,R42-H,R42,R
SQ0593,CBG3AANXX,5,TCGCACT,R71-H,R71,R
SQ0593,CBG3AANXX,5,CGCATTA,R94-H*,Rpoa94,Rpoa
SQ0593,CBG3AANXX,5,GATCCGT,R17-H*,Rpoa17,Rpoa
SQ0593,CBG3AANXX,5,TGCGGAA,R40-H*,Rpoa40,Rpoa
SQ0593,CBG3AANXX,5,ACGCGTC,R62-H*,Rpoa62,Rpoa
SQ0593,CBG3AANXX,5,CTGCCAA,L11-H,L11,L
SQ0593,CBG3AANXX,5,CTTGTAGA,L80-H,L80,L
SQ0593,CBG3AANXX,5,GACCTTGT,I28,I28,I
SQ0593,CBG3AANXX,5,GATGCGGT,R22-H,R22,R
SQ0593,CBG3AANXX,5,CCACTCGA,R45-H,R45,R
SQ0593,CBG3AANXX,5,TGTGCGGA,R74-H,R74,R
SQ0593,CBG3AANXX,5,CCAAGTGA,R97-H*,Rpoa97,Rpoa
SQ0593,CBG3AANXX,5,AAGCATGA,R19-H*,Rpoa19,Rpoa
SQ0593,CBG3AANXX,5,AGTCTGGA,R41-H*,Rpoa41,Rpoa
SQ0593,CBG3AANXX,5,GAAGAACT,R65-H*,Rpoa65,Rpoa
SQ0593,CBG3AANXX,5,TTCGTCTA,L17-H,L17,L
SQ0593,CBG3AANXX,5,AACGAATA,L82-H,L82,L
SQ0593,CBG3AANXX,5,CGTAGTGT,I29,I29,I
SQ0593,CBG3AANXX,5,CACCGACT,R30-H,R30,R
SQ0593,CBG3AANXX,5,TTGGACTT,R47-H,R47,R
SQ0593,CBG3AANXX,5,GCTTAGGA,GBSNEG1,CBG3AANXX5GBSNEG1,GBSNEG
SQ0593,CBG3AANXX,5,GGTCGAGA,R100-H*,Rpoa100,Rpoa
SQ0593,CBG3AANXX,5,TAAGACAA,R20-H*,Rpoa20,Rpoa
SQ0593,CBG3AANXX,5,CTGTGTTA,R45-H*,Rpoa45,Rpoa
SQ0593,CBG3AANXX,5,GCCATATA,R70-H*,Rpoa70,Rpoa
SQ0593,CBG3AANXX,5,TTGTCGCA,L24-H,L24,L
SQ0593,CBG3AANXX,5,AGACAAGT,L84-H,L84,L
SQ0593,CBG3AANXX,5,TTCACTGT,I46,I46,I
SQ0593,CBG3AANXX,5,GTCTTCGA,R36-H,R36,R
SQ0593,CBG3AANXX,5,TGTCAGCT,R50-H,R50,R
SQ0593,CBG3AANXX,5,CCTATCGT,R98-H,R98,R
SQ0593,CBG3AANXX,5,ATGGAGCA,R6-H*,Rpoa6,Rpoa
SQ0593,CBG3AANXX,5,CCTACCAGT,R25-H*,Rpoa25,Rpoa
SQ0593,CBG3AANXX,5,TTCTTGTGA,R46-H*,Rpoa46,Rpoa
SQ0593,CBG3AANXX,5,GAGAACAGT,R71-H*,Rpoa71,Rpoa
SQ0593,CBG3AANXX,5,AGTGTCGGT,L41-H,L41,L
SQ0593,CBG3AANXX,5,CACCATTGA,I2,I2,I
SQ0593,CBG3AANXX,5,TTGTCATGT,I49,I49,I
SQ0593,CBG3AANXX,5,GGAATACGT,R37-H,R37,R
SQ0593,CBG3AANXX,5,ACCTACAGA,R51-H,R51,R
SQ0593,CBG3AANXX,5,GCCACCTGA,GBSNEG2,CBG3AANXX5GBSNEG2,GBSNEG
SQ0593,CBG3AANXX,5,TTCTCCAGT,R11-H*,Rpoa11,Rpoa
SQ0593,CBG3AANXX,5,AGAGACAGT,R26-H*,Rpoa26,Rpoa
SQ0593,CBG3AANXX,5,TCTCTGTGA,R49-H*,Rpoa49,Rpoa
SQ0593,CBG3AANXX,5,GGTGCGGAT,R79-H*,Rpoa79,Rpoa
SQ0593,CBG3AANXX,5,AACAGAATA,L43-H,L43,L
SQ0593,CBG3AANXX,5,CCACACTGT,I3,I3,I
SQ0593,CBG3AANXX,5,TGTTGTCTA,I52,I52,I
SQ0593,CBG3AANXX,5,GAACCACGT,R38-H,R38,R
SQ0593,CBG3AANXX,5,ACCAACGTA,R52-H,R52,R
SQ0593,CBG3AANXX,5,CTTGTGAAT,R87-H*,Rpoa87,Rpoa
SQ0593,CBG3AANXX,5,CTGTGGTGA,R12-H*,Rpoa12,Rpoa
SQ0593,CBG3AANXX,5,GGAACAGTT,R36-H*,Rpoa36,Rpoa
SQ0593,CBG3AANXX,5,TTGGACATA,R51-H*,Rpoa51,Rpoa
SQ0593,CBG3AANXX,5,ACGTTGGTT,L1-H,L1,L
SQ0593,CBG3AANXX,5,TGAACTGGT,L47-H,L47,L
SQ0593,CBG3AANXX,5,CCTCCTAGA,I7,I7,I
SQ0593,CBG3AANXX,5,AGGCGGTAT,I55,I55,I
SQ0594,CBG3AANXX,6,CCACGTA,R10-H,R10,R
SQ0594,CBG3AANXX,6,TTGTCAC,R65-H,R65,R
SQ0594,CBG3AANXX,6,GGTGCAC,R96-H,R96,R
SQ0594,CBG3AANXX,6,AACCGAT,R14-H*,Rpoa14,Rpoa
SQ0594,CBG3AANXX,6,AGTTCTT,R60-H*,Rpoa60,Rpoa
SQ0594,CBG3AANXX,6,GAGGTCC,L8-H,L8,L
SQ0594,CBG3AANXX,6,GAACCTC,L42-H,L42,L
SQ0594,CBG3AANXX,6,ACCAGCT,L72-H,L72,L
SQ0594,CBG3AANXX,6,TTGAGTC,I4,I4,I
SQ0594,CBG3AANXX,6,GACACAT,I27,I27,I
SQ0594,CBG3AANXX,6,TGTCATT,I45,I45,I
SQ0594,CBG3AANXX,6,GCCTTAT,R15-H,R15,R
SQ0594,CBG3AANXX,6,ATCGGTT,R66-H,R66,R
SQ0594,CBG3AANXX,6,TAGTGCC,R99-H,R99,R
SQ0594,CBG3AANXX,6,GGAACTA,R27-H*,Rpoa27,Rpoa
SQ0594,CBG3AANXX,6,CCTAGTT,R61-H*,Rpoa61,Rpoa
SQ0594,CBG3AANXX,6,GTGCAGT,L12-H,L12,L
SQ0594,CBG3AANXX,6,AGACTAC,L45-H,L45,L
SQ0594,CBG3AANXX,6,CACTGCA,L73-H,L73,L
SQ0594,CBG3AANXX,6,AAGGCTC,I12,I12,I
SQ0594,CBG3AANXX,6,CCGACTA,I34,I34,I
SQ0594,CBG3AANXX,6,TTCGTAT,I53,I53,I
SQ0594,CBG3AANXX,6,CTACGCT,R25-H,R25,R
SQ0594,CBG3AANXX,6,TGATTCT,R75-H,R75,R
SQ0594,CBG3AANXX,6,TCGCACT,R68-H*,Rpoa68,Rpoa
SQ0594,CBG3AANXX,6,CGCATTA,R29-H*,Rpoa29,Rpoa
SQ0594,CBG3AANXX,6,GATCCGT,R63-H*,Rpoa63,Rpoa
SQ0594,CBG3AANXX,6,TGCGGAA,L21-H,L21,L
SQ0594,CBG3AANXX,6,ACGCGTC,L46-H,L46,L
SQ0594,CBG3AANXX,6,CTGCCAA,L74-H,L74,L
SQ0594,CBG3AANXX,6,CTTGTAGA,I16,I16,I
SQ0594,CBG3AANXX,6,GACCTTGT,I37,I37,I
SQ0594,CBG3AANXX,6,ACCATAGT,I57,I57,I
SQ0594,CBG3AANXX,6,GATGCGGT,R35-H,R35,R
SQ0594,CBG3AANXX,6,CCACTCGA,R77-H,R77,R
SQ0594,CBG3AANXX,6,TGTGCGGA,R88-H*,Rpoa88,Rpoa
SQ0594,CBG3AANXX,6,CCAAGTGA,R30-H*,Rpoa30,Rpoa
SQ0594,CBG3AANXX,6,AAGCATGA,R76-H*,Rpoa76,Rpoa
SQ0594,CBG3AANXX,6,AGTCTGGA,L23-H,L23,L
SQ0594,CBG3AANXX,6,GAAGAACT,L49-H,L49,L
SQ0594,CBG3AANXX,6,TTCGTCTA,L75-H,L75,L
SQ0594,CBG3AANXX,6,AACGAATA,I17,I17,I
SQ0594,CBG3AANXX,6,CGTAGTGT,I38,I38,I
SQ0594,CBG3AANXX,6,ACCTCGAT,I58,I58,I
SQ0594,CBG3AANXX,6,CACCGACT,R44-H,R44,R
SQ0594,CBG3AANXX,6,TTGGACTT,R78-H,R78,R
SQ0594,CBG3AANXX,6,GCTTAGGA,R91-H*,Rpoa91,Rpoa
SQ0594,CBG3AANXX,6,GGTCGAGA,GBSNEG2,CBG3AANXX6GBSNEG2,GBSNEG
SQ0594,CBG3AANXX,6,TAAGACAA,R78-H*,Rpoa78,Rpoa
SQ0594,CBG3AANXX,6,CTGTGTTA,L25-H,L25,L
SQ0594,CBG3AANXX,6,GCCATATA,L53-H,L53,L
SQ0594,CBG3AANXX,6,TTGTCGCA,L77-H,L77,L
SQ0594,CBG3AANXX,6,AGACAAGT,I20,I20,I
SQ0594,CBG3AANXX,6,TTCACTGT,I39,I39,I
SQ0594,CBG3AANXX,6,CAGGTGAA,I59,I59,I
SQ0594,CBG3AANXX,6,GTCTTCGA,R46-H,R46,R
SQ0594,CBG3AANXX,6,TGTCAGCT,R82-H,R82,R
SQ0594,CBG3AANXX,6,CCTATCGT,R99-H*,Rpoa99,Rpoa
SQ0594,CBG3AANXX,6,ATGGAGCA,R32-H*,Rpoa32,Rpoa
SQ0594,CBG3AANXX,6,CCTACCAGT,L3-H,L3,L
SQ0594,CBG3AANXX,6,TTCTTGTGA,L28-H,L28,L
SQ0594,CBG3AANXX,6,GAGAACAGT,L58-H,L58,L
SQ0594,CBG3AANXX,6,AGTGTCGGT,L85-H,L85,L
SQ0594,CBG3AANXX,6,CACCATTGA,I21,I21,I
SQ0594,CBG3AANXX,6,TTGTCATGT,I40,I40,I
SQ0594,CBG3AANXX,6,CGTGGAGGA,I60,I60,I
SQ0594,CBG3AANXX,6,GGAATACGT,R55-H,R55,R
SQ0594,CBG3AANXX,6,ACCTACAGA,R92-H,R92,R
SQ0594,CBG3AANXX,6,GCCACCTGA,GBSNEG1,CBG3AANXX6GBSNEG1,GBSNEG
SQ0594,CBG3AANXX,6,TTCTCCAGT,R39-H*,Rpoa39,Rpoa
SQ0594,CBG3AANXX,6,AGAGACAGT,L5-H,L5,L
SQ0594,CBG3AANXX,6,TCTCTGTGA,L31-H,L31,L
SQ0594,CBG3AANXX,6,GGTGCGGAT,L67-H,L67,L
SQ0594,CBG3AANXX,6,AACAGAATA,L86-H,L86,L
SQ0594,CBG3AANXX,6,CCACACTGT,I24,I24,I
SQ0594,CBG3AANXX,6,TGTTGTCTA,I43,I43,I
SQ0594,CBG3AANXX,6,GAACCACGT,R63-H,R63,R
SQ0594,CBG3AANXX,6,ACCAACGTA,R95-H,R95,R
SQ0594,CBG3AANXX,6,CTTGTGAAT,R10-H*,Rpoa10,Rpoa
SQ0594,CBG3AANXX,6,CTGTGGTGA,R52-H*,Rpoa52,Rpoa
SQ0594,CBG3AANXX,6,GGAACAGTT,L7-H,L7,L
SQ0594,CBG3AANXX,6,TTGGACATA,L33-H,L33,L
SQ0594,CBG3AANXX,6,ACGTTGGTT,L69-H,L69,L
SQ0594,CBG3AANXX,6,TGAACTGGT,L98,L98,L
SQ0594,CBG3AANXX,6,CCTCCTAGA,I26,I26,I
SQ0594,CBG3AANXX,6,AGGCGGTAT,I44,I44,I
SQ0595,CBG3AANXX,7,CCACGTA,R58-H,R58,R
SQ0595,CBG3AANXX,7,TTGTCAC,R76-H,R76,R
SQ0595,CBG3AANXX,7,GGTGCAC,R4-H*,Rpoa4,Rpoa
SQ0595,CBG3AANXX,7,AACCGAT,R77-H*,Rpoa77,Rpoa
SQ0595,CBG3AANXX,7,AGTTCTT,L19-H,L19,L
SQ0595,CBG3AANXX,7,GAGGTCC,L34-H,L34,L
SQ0595,CBG3AANXX,7,GAACCTC,L50-H,L50,L
SQ0595,CBG3AANXX,7,ACCAGCT,L64-H,L64,L
SQ0595,CBG3AANXX,7,TTGAGTC,L87-H,L87,L
SQ0595,CBG3AANXX,7,GACACAT,I25,I25,I
SQ0595,CBG3AANXX,7,TGTCATT,I47,I47,I
SQ0595,CBG3AANXX,7,GCCTTAT,R59-H,R59,R
SQ0595,CBG3AANXX,7,ATCGGTT,R83-H,R83,R
SQ0595,CBG3AANXX,7,TAGTGCC,R31-H*,Rpoa31,Rpoa
SQ0595,CBG3AANXX,7,GGAACTA,R80-H*,Rpoa80,Rpoa
SQ0595,CBG3AANXX,7,CCTAGTT,L22-H,L22,L
SQ0595,CBG3AANXX,7,GTGCAGT,L35-H,L35,L
SQ0595,CBG3AANXX,7,AGACTAC,L52-H,L52,L
SQ0595,CBG3AANXX,7,CACTGCA,L66-H,L66,L
SQ0595,CBG3AANXX,7,AAGGCTC,L88-H,L88,L
SQ0595,CBG3AANXX,7,CCGACTA,I30,I30,I
SQ0595,CBG3AANXX,7,TTCGTAT,I48,I48,I
SQ0595,CBG3AANXX,7,CTACGCT,R60-H,R60,R
SQ0595,CBG3AANXX,7,TGATTCT,R90-H,R90,R
SQ0595,CBG3AANXX,7,TCGCACT,R33-H*,Rpoa33,Rpoa
SQ0595,CBG3AANXX,7,CGCATTA,R81-H*,Rpoa81,Rpoa
SQ0595,CBG3AANXX,7,GATCCGT,L26-H,L26,L
SQ0595,CBG3AANXX,7,TGCGGAA,L36-H,L36,L
SQ0595,CBG3AANXX,7,ACGCGTC,L54-H,L54,L
SQ0595,CBG3AANXX,7,CTGCCAA,L68-H,L68,L
SQ0595,CBG3AANXX,7,CTTGTAGA,L92,L92,L
SQ0595,CBG3AANXX,7,GACCTTGT,I31,I31,I
SQ0595,CBG3AANXX,7,ACCATAGT,I50,I50,I
SQ0595,CBG3AANXX,7,GATGCGGT,R61-H,R61,R
SQ0595,CBG3AANXX,7,CCACTCGA,R91-H,R91,R
SQ0595,CBG3AANXX,7,TGTGCGGA,R35-H*,Rpoa35,Rpoa
SQ0595,CBG3AANXX,7,CCAAGTGA,L2-H,L2,L
SQ0595,CBG3AANXX,7,AAGCATGA,L27-H,L27,L
SQ0595,CBG3AANXX,7,AGTCTGGA,L37-H,L37,L
SQ0595,CBG3AANXX,7,GAAGAACT,L55-H,L55,L
SQ0595,CBG3AANXX,7,TTCGTCTA,L70-H,L70,L
SQ0595,CBG3AANXX,7,AACGAATA,L93,L93,L
SQ0595,CBG3AANXX,7,CGTAGTGT,I32,I32,I
SQ0595,CBG3AANXX,7,ACCTCGAT,I56,I56,I
SQ0595,CBG3AANXX,7,CACCGACT,R62-H,R62,R
SQ0595,CBG3AANXX,7,TTGGACTT,R93-H,R93,R
SQ0595,CBG3AANXX,7,GCTTAGGA,R42-H*,Rpoa42,Rpoa
SQ0595,CBG3AANXX,7,GGTCGAGA,L4-H,L4,L
SQ0595,CBG3AANXX,7,TAAGACAA,GBSNEG2,CBG3AANXX7GBSNEG2,GBSNEG
SQ0595,CBG3AANXX,7,CTGTGTTA,L38-H,L38,L
SQ0595,CBG3AANXX,7,GCCATATA,L56-H,L56,L
SQ0595,CBG3AANXX,7,TTGTCGCA,L71-H,L71,L
SQ0595,CBG3AANXX,7,AGACAAGT,L96,L96,L
SQ0595,CBG3AANXX,7,TTCACTGT,I33,I33,I
SQ0595,CBG3AANXX,7,CAGGTGAA,I62,I62,I
SQ0595,CBG3AANXX,7,GTCTTCGA,R64-H,R64,R
SQ0595,CBG3AANXX,7,TGTCAGCT,R94-H,R94,R
SQ0595,CBG3AANXX,7,CCTATCGT,R43-H*,Rpoa43,Rpoa
SQ0595,CBG3AANXX,7,ATGGAGCA,L15-H,L15,L
SQ0595,CBG3AANXX,7,CCTACCAGT,L29-H,L29,L
SQ0595,CBG3AANXX,7,TTCTTGTGA,L39-H,L39,L
SQ0595,CBG3AANXX,7,GAGAACAGT,L60-H,L60,L
SQ0595,CBG3AANXX,7,AGTGTCGGT,L76-H,L76,L
SQ0595,CBG3AANXX,7,CACCATTGA,I14,I14,I
SQ0595,CBG3AANXX,7,TTGTCATGT,I35,I35,I
SQ0595,CBG3AANXX,7,GGAATACGT,R67-H,R67,R
SQ0595,CBG3AANXX,7,ACCTACAGA,R83-H*,Rpoa83,Rpoa
SQ0595,CBG3AANXX,7,GCCACCTGA,GBSNEG1,CBG3AANXX7GBSNEG1,GBSNEG
SQ0595,CBG3AANXX,7,TTCTCCAGT,L16-H,L16,L
SQ0595,CBG3AANXX,7,AGAGACAGT,L30-H,L30,L
SQ0595,CBG3AANXX,7,TCTCTGTGA,L40-H,L40,L
SQ0595,CBG3AANXX,7,GGTGCGGAT,L62-H,L62,L
SQ0595,CBG3AANXX,7,AACAGAATA,L79-H,L79,L
SQ0595,CBG3AANXX,7,CCACACTGT,I18,I18,I
SQ0595,CBG3AANXX,7,TGTTGTCTA,I41,I41,I
SQ0595,CBG3AANXX,7,GAACCACGT,R68-H,R68,R
SQ0595,CBG3AANXX,7,ACCAACGTA,R98-H*,Rpoa98,Rpoa
SQ0595,CBG3AANXX,7,CTTGTGAAT,R75-H*,Rpoa75,Rpoa
SQ0595,CBG3AANXX,7,CTGTGGTGA,L18-H,L18,L
SQ0595,CBG3AANXX,7,GGAACAGTT,L32-H,L32,L
SQ0595,CBG3AANXX,7,TTGGACATA,L44-H,L44,L
SQ0595,CBG3AANXX,7,ACGTTGGTT,L63-H,L63,L
SQ0595,CBG3AANXX,7,TGAACTGGT,L83-H,L83,L
SQ0595,CBG3AANXX,7,CCTCCTAGA,I22,I22,I
SQ0595,CBG3AANXX,7,AGGCGGTAT,I42,I42,I
